title,description
Task 1,Descrição da Task 1
Task 2,Descrição da Task 2
Task 3,Descrição da Task 3
Task 4,Descrição da Task 4
Task 5,Descrição da Task 5
Task 6,Descrição da Task 6
Task 7,Descrição da Task 7
Task 8,Descrição da Task 8
Task 9,Descrição da Task 9
Task 10,Descrição da Task 10
Task 11,Descrição da Task 11
Task 12,Descrição da Task 12
Task 13,Descrição da Task 13
Task 14,Descrição da Task 14
Task 15,Descrição da Task 15
Task 16,Descrição da Task 16
Task 17,Descrição da Task 17
Task 18,Descrição da Task 18
Task 19,Descrição da Task 19
Task 20,Descrição da Task 20
Task 21,Descrição da Task 21
Task 22,Descrição da Task 22
Task 23,Descrição da Task 23
Task 24,Descrição da Task 24
Task 25,Descrição da Task 25
Task 26,Descrição da Task 26
Task 27,Descrição da Task 27
Task 28,Descrição da Task 28
Task 29,Descrição da Task 29
Task 30,Descrição da Task 30
Task 31,Descrição da Task 31
Task 32,Descrição da Task 32
Task 33,Descrição da Task 33
Task 34,Descrição da Task 34
Task 35,Descrição da Task 35
Task 36,Descrição da Task 36
Task 37,Descrição da Task 37
Task 38,Descrição da Task 38
Task 39,Descrição da Task 39
Task 40,Descrição da Task 40
Task 41,Descrição da Task 41
Task 42,Descrição da Task 42
Task 43,Descrição da Task 43
Task 44,Descrição da Task 44
Task 45,Descrição da Task 45
Task 46,Descrição da Task 46
Task 47,Descrição da Task 47
Task 48,Descrição da Task 48
Task 49,Descrição da Task 49
Task 50,Descrição da Task 50
Task 51,Descrição da Task 51
Task 52,Descrição da Task 52
Task 53,Descrição da Task 53
Task 54,Descrição da Task 54
Task 55,Descrição da Task 55
Task 56,Descrição da Task 56
Task 57,Descrição da Task 57
Task 58,Descrição da Task 58
Task 59,Descrição da Task 59
Task 60,Descrição da Task 60
Task 61,Descrição da Task 61
Task 62,Descrição da Task 62
Task 63,Descrição da Task 63
Task 64,Descrição da Task 64
Task 65,Descrição da Task 65
Task 66,Descrição da Task 66
Task 67,Descrição da Task 67
Task 68,Descrição da Task 68
Task 69,Descrição da Task 69
Task 70,Descrição da Task 70
Task 71,Descrição da Task 71
Task 72,Descrição da Task 72
Task 73,Descrição da Task 73
Task 74,Descrição da Task 74
Task 75,Descrição da Task 75
Task 76,Descrição da Task 76
Task 77,Descrição da Task 77
Task 78,Descrição da Task 78
Task 79,Descrição da Task 79
Task 80,Descrição da Task 80
Task 81,Descrição da Task 81
Task 82,Descrição da Task 82
Task 83,Descrição da Task 83
Task 84,Descrição da Task 84
Task 85,Descrição da Task 85
Task 86,Descrição da Task 86
Task 87,Descrição da Task 87
Task 88,Descrição da Task 88
Task 89,Descrição da Task 89
Task 90,Descrição da Task 90
Task 91,Descrição da Task 91
Task 92,Descrição da Task 92
Task 93,Descrição da Task 93
Task 94,Descrição da Task 94
Task 95,Descrição da Task 95
Task 96,Descrição da Task 96
Task 97,Descrição da Task 97
Task 98,Descrição da Task 98
Task 99,Descrição da Task 99
Task 100,Descrição da Task 100
Task 101,Descrição da Task 101
Task 102,Descrição da Task 102
Task 103,Descrição da Task 103
Task 104,Descrição da Task 104
Task 105,Descrição da Task 105
Task 106,Descrição da Task 106
Task 107,Descrição da Task 107
Task 108,Descrição da Task 108
Task 109,Descrição da Task 109
Task 110,Descrição da Task 110
Task 111,Descrição da Task 111
Task 112,Descrição da Task 112
Task 113,Descrição da Task 113
Task 114,Descrição da Task 114
Task 115,Descrição da Task 115
Task 116,Descrição da Task 116
Task 117,Descrição da Task 117
Task 118,Descrição da Task 118
Task 119,Descrição da Task 119
Task 120,Descrição da Task 120
Task 121,Descrição da Task 121
Task 122,Descrição da Task 122
Task 123,Descrição da Task 123
Task 124,Descrição da Task 124
Task 125,Descrição da Task 125
Task 126,Descrição da Task 126
Task 127,Descrição da Task 127
Task 128,Descrição da Task 128
Task 129,Descrição da Task 129
Task 130,Descrição da Task 130
Task 131,Descrição da Task 131
Task 132,Descrição da Task 132
Task 133,Descrição da Task 133
Task 134,Descrição da Task 134
Task 135,Descrição da Task 135
Task 136,Descrição da Task 136
Task 137,Descrição da Task 137
Task 138,Descrição da Task 138
Task 139,Descrição da Task 139
Task 140,Descrição da Task 140
Task 141,Descrição da Task 141
Task 142,Descrição da Task 142
Task 143,Descrição da Task 143
Task 144,Descrição da Task 144
Task 145,Descrição da Task 145
Task 146,Descrição da Task 146
Task 147,Descrição da Task 147
Task 148,Descrição da Task 148
Task 149,Descrição da Task 149
Task 150,Descrição da Task 150
Task 151,Descrição da Task 151
Task 152,Descrição da Task 152
Task 153,Descrição da Task 153
Task 154,Descrição da Task 154
Task 155,Descrição da Task 155
Task 156,Descrição da Task 156
Task 157,Descrição da Task 157
Task 158,Descrição da Task 158
Task 159,Descrição da Task 159
Task 160,Descrição da Task 160
Task 161,Descrição da Task 161
Task 162,Descrição da Task 162
Task 163,Descrição da Task 163
Task 164,Descrição da Task 164
Task 165,Descrição da Task 165
Task 166,Descrição da Task 166
Task 167,Descrição da Task 167
Task 168,Descrição da Task 168
Task 169,Descrição da Task 169
Task 170,Descrição da Task 170
Task 171,Descrição da Task 171
Task 172,Descrição da Task 172
Task 173,Descrição da Task 173
Task 174,Descrição da Task 174
Task 175,Descrição da Task 175
Task 176,Descrição da Task 176
Task 177,Descrição da Task 177
Task 178,Descrição da Task 178
Task 179,Descrição da Task 179
Task 180,Descrição da Task 180
Task 181,Descrição da Task 181
Task 182,Descrição da Task 182
Task 183,Descrição da Task 183
Task 184,Descrição da Task 184
Task 185,Descrição da Task 185
Task 186,Descrição da Task 186
Task 187,Descrição da Task 187
Task 188,Descrição da Task 188
Task 189,Descrição da Task 189
Task 190,Descrição da Task 190
Task 191,Descrição da Task 191
Task 192,Descrição da Task 192
Task 193,Descrição da Task 193
Task 194,Descrição da Task 194
Task 195,Descrição da Task 195
Task 196,Descrição da Task 196
Task 197,Descrição da Task 197
Task 198,Descrição da Task 198
Task 199,Descrição da Task 199
Task 200,Descrição da Task 200
Task 201,Descrição da Task 201
Task 202,Descrição da Task 202
Task 203,Descrição da Task 203
Task 204,Descrição da Task 204
Task 205,Descrição da Task 205
Task 206,Descrição da Task 206
Task 207,Descrição da Task 207
Task 208,Descrição da Task 208
Task 209,Descrição da Task 209
Task 210,Descrição da Task 210
Task 211,Descrição da Task 211
Task 212,Descrição da Task 212
Task 213,Descrição da Task 213
Task 214,Descrição da Task 214
Task 215,Descrição da Task 215
Task 216,Descrição da Task 216
Task 217,Descrição da Task 217
Task 218,Descrição da Task 218
Task 219,Descrição da Task 219
Task 220,Descrição da Task 220
Task 221,Descrição da Task 221
Task 222,Descrição da Task 222
Task 223,Descrição da Task 223
Task 224,Descrição da Task 224
Task 225,Descrição da Task 225
Task 226,Descrição da Task 226
Task 227,Descrição da Task 227
Task 228,Descrição da Task 228
Task 229,Descrição da Task 229
Task 230,Descrição da Task 230
Task 231,Descrição da Task 231
Task 232,Descrição da Task 232
Task 233,Descrição da Task 233
Task 234,Descrição da Task 234
Task 235,Descrição da Task 235
Task 236,Descrição da Task 236
Task 237,Descrição da Task 237
Task 238,Descrição da Task 238
Task 239,Descrição da Task 239
Task 240,Descrição da Task 240
Task 241,Descrição da Task 241
Task 242,Descrição da Task 242
Task 243,Descrição da Task 243
Task 244,Descrição da Task 244
Task 245,Descrição da Task 245
Task 246,Descrição da Task 246
Task 247,Descrição da Task 247
Task 248,Descrição da Task 248
Task 249,Descrição da Task 249
Task 250,Descrição da Task 250
